"product_slug","brand","product_name","source_page","source_url","local_filename","alt_text","role","sort_order","review_status","notes"
"galaxy-a06","Samsung","Galaxy A06","https://www.samsung.com/br/smartphones/galaxy-a/galaxy-a06-black-128gb-sm-a065mzkgzto/","https://images.samsung.com/is/image/samsung/p6pim/br/sm-a065mzkgzto/gallery/br-galaxy-a06-sm-a065-sm-a065mzkgzto-543344843?$PD_GALLERY_L_PNG$","products/samsung/galaxy-a06/main.png","Samsung Galaxy A06 product image","main","0","verified-model","Exact manufacturer model page reviewed; confirm retailer image-use permission before production."
"galaxy-a07","Samsung","Galaxy A07","https://www.samsung.com/africa_en/smartphones/galaxy-a/galaxy-a07-black-128gb-sm-a075fzkgafb/","https://images.samsung.com/is/image/samsung/p6pim/africa_en/sm-a075fzkgafb/gallery/africa-en-galaxy-a07-sm-a075-sm-a075fzkgafb-548533542?$PD_GALLERY_L_PNG$","products/samsung/galaxy-a07/main.png","Samsung Galaxy A07 product image","main","0","verified-model","Exact manufacturer model page reviewed; confirm retailer image-use permission before production."
"galaxy-a16","Samsung","Galaxy A16","https://www.samsung.com/africa_en/smartphones/galaxy-a/galaxy-a16-black-128gb-sm-a165fzkdafb/","https://images.samsung.com/is/image/samsung/p6pim/africa_en/sm-a165fzkdafb/gallery/africa-en-galaxy-a16-sm-a165-sm-a165fzkdafb-544252006?$PD_GALLERY_L_PNG$","products/samsung/galaxy-a16/main.png","Samsung Galaxy A16 product image","main","0","verified-model","Exact manufacturer model page reviewed; confirm retailer image-use permission before production."
"galaxy-a17","Samsung","Galaxy A17","https://www.samsung.com/us/smartphones/galaxy-a17-5g/buy/galaxy-a17-5g-128gb-unlocked-sku-sm-a176uzkaxaa/","https://images.samsung.com/is/image/samsung/p6pim/us/sm-a176uzkaxaa/gallery/us-galaxy-a17-5g-sm-a176-sm-a176uzkaxaa-550430599?$PD_GALLERY_L_PNG$","products/samsung/galaxy-a17/main.png","Samsung Galaxy A17 product image","main","0","verified-model","Exact manufacturer model page reviewed; confirm retailer image-use permission before production."
"galaxy-a26","Samsung","Galaxy A26","https://www.samsung.com/es/smartphones/galaxy-a/galaxy-a26-5g-mint-128gb-sm-a266blgbeub/","https://images.samsung.com/is/image/samsung/p6pim/es/sm-a266blgbeub/gallery/es-galaxy-a26-5g-sm-a266-sm-a266blgbeub-thumb-545281214?$PD_GALLERY_L_PNG$","products/samsung/galaxy-a26/main.png","Samsung Galaxy A26 product image","main","0","verified-model","Exact manufacturer model page reviewed; confirm retailer image-use permission before production."
"galaxy-a36","Samsung","Galaxy A36","https://www.samsung.com/es/smartphones/galaxy-a/galaxy-a36-5g-awesome-black-128gb-sm-a366bzkbeub/","https://images.samsung.com/is/image/samsung/p6pim/es/sm-a366bzkbeub/gallery/es-galaxy-a36-5g-sm-a366-sm-a366bzkbeub-thumb-545224532?$PD_GALLERY_L_PNG$","products/samsung/galaxy-a36/main.png","Samsung Galaxy A36 product image","main","0","verified-model","Exact manufacturer model page reviewed; confirm retailer image-use permission before production."
"galaxy-a37","Samsung","Galaxy A37","https://www.samsung.com/br/smartphones/galaxy-a/galaxy-a37-5g-awesome-graygreen-128gb-sm-a376bdgjzto/","https://images.samsung.com/is/image/samsung/p6pim/br/sm-a376bdgjzto/gallery/br-galaxy-a37-5g-sm-a376-sm-a376bdgjzto-551722909?$PD_GALLERY_L_PNG$","products/samsung/galaxy-a37/main.png","Samsung Galaxy A37 product image","main","0","verified-model","Exact manufacturer model page reviewed; confirm retailer image-use permission before production."
"galaxy-a56","Samsung","Galaxy A56","https://www.samsung.com/es/smartphones/galaxy-a/galaxy-a56-5g-awesome-graphite-128gb-sm-a566bzkaeub/","https://images.samsung.com/is/image/samsung/p6pim/es/sm-a566bzkaeub/gallery/es-galaxy-a56-5g-sm-a566-sm-a566bzkaeub-thumb-545223125?$PD_GALLERY_L_PNG$","products/samsung/galaxy-a56/main.png","Samsung Galaxy A56 product image","main","0","verified-model","Exact manufacturer model page reviewed; confirm retailer image-use permission before production."
"galaxy-a57","Samsung","Galaxy A57","https://www.samsung.com/br/smartphones/galaxy-a/galaxy-a57-5g-awesome-icyblue-128gb-sm-a576blbezto/","https://images.samsung.com/is/image/samsung/p6pim/br/sm-a576blbezto/gallery/br-galaxy-a57-5g-sm-a576-sm-a576blbezto-551768708?$PD_GALLERY_L_PNG$","products/samsung/galaxy-a57/main.png","Samsung Galaxy A57 product image","main","0","verified-model","Exact manufacturer model page reviewed; confirm retailer image-use permission before production."
"redmi-a5","Redmi","Redmi A5","","","products/redmi/redmi-a5/main.png","Redmi A5 product image","main","0","needs-review","Official manufacturer image source still requires review."
"redmi-a7","Redmi","Redmi A7","","","products/redmi/redmi-a7/main.png","Redmi A7 product image","main","0","needs-review","Official manufacturer image source still requires review."
"redmi-a7-pro","Redmi","Redmi A7 Pro","","","products/redmi/redmi-a7-pro/main.png","Redmi A7 Pro product image","main","0","needs-review","Official manufacturer image source still requires review."
"redmi-9t","Redmi","Redmi 9T","","","products/redmi/redmi-9t/main.png","Redmi 9T product image","main","0","needs-review","Official manufacturer image source still requires review."
"redmi-15c","Redmi","Redmi 15C","","","products/redmi/redmi-15c/main.png","Redmi 15C product image","main","0","needs-review","Official manufacturer image source still requires review."
"redmi-15","Redmi","Redmi 15","","","products/redmi/redmi-15/main.png","Redmi 15 product image","main","0","needs-review","Official manufacturer image source still requires review."
"redmi-note-7-pro","Redmi","Redmi Note 7 Pro","","","products/redmi/redmi-note-7-pro/main.png","Redmi Note 7 Pro product image","main","0","needs-review","Official manufacturer image source still requires review."
"redmi-note-10-5g","Redmi","Redmi Note 10 5G","","","products/redmi/redmi-note-10-5g/main.png","Redmi Note 10 5G product image","main","0","needs-review","Official manufacturer image source still requires review."
"redmi-note-11e","Redmi","Redmi Note 11E","","","products/redmi/redmi-note-11e/main.png","Redmi Note 11E product image","main","0","needs-review","Official manufacturer image source still requires review."
"redmi-note-12-pro-5g","Redmi","Redmi Note 12 Pro 5G","","","products/redmi/redmi-note-12-pro-5g/main.png","Redmi Note 12 Pro 5G product image","main","0","needs-review","Official manufacturer image source still requires review."
"redmi-note-13-pro","Redmi","Redmi Note 13 Pro","","","products/redmi/redmi-note-13-pro/main.png","Redmi Note 13 Pro product image","main","0","needs-review","Official manufacturer image source still requires review."
"redmi-note-14","Redmi","Redmi Note 14","","","products/redmi/redmi-note-14/main.png","Redmi Note 14 product image","main","0","needs-review","Official manufacturer image source still requires review."
"redmi-note-14s","Redmi","Redmi Note 14S","","","products/redmi/redmi-note-14s/main.png","Redmi Note 14S product image","main","0","needs-review","Official manufacturer image source still requires review."
"redmi-note-14-pro","Redmi","Redmi Note 14 Pro","","","products/redmi/redmi-note-14-pro/main.png","Redmi Note 14 Pro product image","main","0","needs-review","Official manufacturer image source still requires review."
"ideapad-1-15iau7","Lenovo","IdeaPad 1 15IAU7","","","products/lenovo/ideapad-1-15iau7/main.png","Lenovo IdeaPad 1 15IAU7 laptop shown open from the front","main","0","user-supplied","User-supplied primary image converted to a transparent-background PNG; original source URL and reuse terms were not provided."
"ideapad-1-15iru7","Lenovo","IdeaPad 1 15IRU7","","","products/lenovo/ideapad-1-15iru7/main.png","Lenovo IdeaPad 1 15IRU7 product image","main","0","needs-review","Manufacturer family identified, but an exact part number/chassis match is still required."
"ideapad-slim-3-15irh8","Lenovo","IdeaPad Slim 3 15IRH8","","","products/lenovo/ideapad-slim-3-15irh8/main.png","Lenovo IdeaPad Slim 3 15IRH8 laptop shown open from the front","main","0","user-supplied","User-supplied primary image with its background removed; original source URL and reuse terms were not provided."
"ideapad-5i","Lenovo","IdeaPad 5i","https://psref.lenovo.com/Product/IdeaPad/IdeaPad_5_2_in_1_14IAL10","https://psrefstuff.lenovo.com/syspool/Sys/Image/IdeaPad/IdeaPad_5_2_in_1_14IAL10/IdeaPad_5_2_in_1_14IAL10_CT1_01.png","products/lenovo/ideapad-5i/main.png","Lenovo IdeaPad 5i 2-in-1 laptop shown in tent mode","main","0","verified-model","Exact Lenovo PSREF platform matched to the catalog's Core Ultra and 14-inch 360-degree touch specifications; confirm image-use permission before production."
"thinkbook-14-g8-ial","Lenovo","ThinkBook 14 G8 IAL","https://psref.lenovo.com/Product/ThinkBook/ThinkBook_14_G8_IAL","https://psrefstuff.lenovo.com/syspool/Sys/Image/ThinkBook/ThinkBook_14_G8_IAL/ThinkBook_14_G8_IAL_CT1_01.png","products/lenovo/thinkbook-14-g8-ial/main.png","Lenovo ThinkBook 14 G8 IAL laptop shown open from the front","main","0","verified-model","Exact Lenovo PSREF platform image; confirm image-use permission before production."
"thinkbook-16-g8-irl","Lenovo","ThinkBook 16 G8 IRL","https://psref.lenovo.com/Product/ThinkBook/ThinkBook_16_G8_IRL","https://psrefstuff.lenovo.com/syspool/Sys/Image/ThinkBook/ThinkBook_16_G8_IRL/ThinkBook_16_G8_IRL_CT1_01.png","products/lenovo/thinkbook-16-g8-irl/main.png","Lenovo ThinkBook 16 G8 IRL laptop shown open from the front","main","0","verified-model","Exact Lenovo PSREF platform image; confirm image-use permission before production."
"thinkpad-e16","Lenovo","ThinkPad E16","https://nextshop.pk/product/lenovo-thinkpad-e16-intel-core-i7-1355u-laptop-16gb-512gb/","https://nextshop.pk/wp-content/uploads/2024/03/Lenovo-Thinkpad-E16-%E2%80%93-Intel-Core-i7-1355U-Laptop-4.jpg","products/lenovo/thinkpad-e16/main.jpg","Lenovo ThinkPad E16 laptop shown open","main","0","verified-model-retailer","Exact model matched through a retailer listing; confirm image-use permission before production."
"thinkpad-x1-carbon-gen-13","Lenovo","ThinkPad X1 Carbon Gen 13","","https://www.lttpartners.com/cdn/shop/files/238347577.jpg?v=1770965173","products/lenovo/thinkpad-x1-carbon-gen-13/main.webp","Lenovo ThinkPad X1 Carbon Gen 13 laptop shown open","main","0","verified-model-retailer","Exact model matched through a retailer listing; confirm image-use permission before production."
"yoga-7i","Lenovo","Yoga 7i","https://glotelho.cm/product/lenovo-yoga-7i-2-en-1-16-go-ddr5-1-to-ssd-ecran-16-2k-tactile-intel-core-ultra-7-155u-qwerty-garntie-6-mois-65664","https://site.glotelho.cm/media/catalog/product/cache/a58e2aabece67ef1697e83a3a038bdf7/l/e/lenovo_yoga_7i_2-en-1_2_.jpg","products/lenovo/yoga-7i/main.jpg","Lenovo Yoga 7i laptop shown open","main","0","verified-model-retailer","Exact model matched through a retailer listing; confirm image-use permission before production."
"yoga-2-in-1-16iml9","Lenovo","Yoga 2-in-1 16IML9","","https://publicapi.solotodo.com/products/267043/picture_file/?height=630&width=1200","products/lenovo/yoga-2-in-1-16iml9/main.png","Lenovo Yoga 2-in-1 16IML9 laptop shown open","main","0","verified-model-retailer","Exact model matched through a retailer listing; confirm image-use permission before production."
"15-fd0460","HP","15-FD0460","","https://kolshzin.com/wp-content/uploads/2025/02/HP-15-fd0460nia-B02XJEA-4GB-DDR4-Core-i3-256GB-SSD-1.webp","products/hp/15-fd0460/main.webp","HP 15-FD0460 laptop shown open","main","0","verified-model-retailer","Exact model matched through a retailer listing; confirm image-use permission before production."
"15-fd0130wm","HP","15-fd0130wm","https://sampler.com.uy/catalogo/notebooks/nuevos/core-i3/notebook-hp-15-fd0130wm-core-i3-8gb-256gb-156-fhd-touch-c-not3198/","https://sampler.com.uy/imgs/productos/productos34_135778.jpg","products/hp/15-fd0130wm/main.jpg","HP 15-fd0130wm laptop shown open","main","0","verified-model-retailer","Exact model matched through a retailer listing; confirm image-use permission before production."
"15-fd0250wm","HP","15-fd0250wm","","https://static.webx.pk/files/83855/Images/hp-15-fd0250wm-15.6-fhd-laptop-intel-core-i5-1334u-8-gb-ddr4-83855-2504579-151225060837973.webp","products/hp/15-fd0250wm/main.webp","HP 15-fd0250wm laptop shown open","main","0","verified-model-retailer","Exact model matched through a retailer listing; confirm image-use permission before production."
"250r-g10","HP","250R G10","","https://microless.com/cdn/products/656820f92dcacd292fdcaf377d4626cc-hi.jpg","products/hp/250r-g10/main.jpg","HP 250R G10 laptop shown open","main","0","verified-model-retailer","Exact model matched through a retailer listing; confirm image-use permission before production."
"hp-15","HP","15","https://www.ciceksepeti.com/hp-255-g9-amd-ryzen-7-5825u-8gb-4tb-ssd-radeon-vega-8-freedos-156-ips-fhd-tasinabilir-bilgisayar-6q8n3esf05-zetta-canta-kcm28158475","https://cdn03.ciceksepeti.com/cicek/kcm28158475-1/L/hp-255-g9-amd-ryzen-7-5825u-8gb-4tb-ssd-radeon-vega-8-freedos-15.6-ips-fhd-tasinabilir-bilgisayar-6q8n3esf05-zetta-canta-kcm28158475-1-6f94f97bce0e4728a3c7de19ec0f5c05.jpg","products/hp/hp-15/main.jpg","HP 15 laptop shown open","main","0","verified-model-retailer","Exact model matched through a retailer listing; confirm image-use permission before production."
"probook-445-g10","HP","ProBook 445 G10","https://www.firstshop.co.za/products/hp-probook-445-g10-14-inch-fhd-laptop-amd-ryzen-5-7530u-512gb-ssd-16gb-ram-win-11-pro-9g2j7et-185832","https://www.firstshop.co.za/cdn/shop/files/9g2j7et-traditional-laptops-44879730311332.png?v=1714997798&width=1200","products/hp/probook-445-g10/main.webp","HP ProBook 445 G10 laptop shown open","main","0","verified-model-retailer","Exact model matched through a retailer listing; confirm image-use permission before production."
"probook-455-g10","HP","ProBook 455 G10","https://zoommer.ge/en/laptops/hp-probook-455-g10-8a5a4ea-silver-p42702","https://s3.zoommer.ge/site/b9f5d492-f43f-4f25-bf1c-167564c913a2_Thumb.jpeg","products/hp/probook-455-g10/main.jpg","HP ProBook 455 G10 laptop shown open","main","0","verified-model-retailer","Exact model matched through a retailer listing; confirm image-use permission before production."
"probook-440-g10","HP","ProBook 440 G10","https://www.ctens.com/hp-probook-440-g10-notebook-pc-hp-probook-laptop-13th-gen-intel-core-i7-1355u-16gb-ram-256gb-ssd-intel-iris-x-graphics-14inch-fhd-display-windows-11-pro-english-keyboard-silver-with-warranty-86q35paabg?srsltid=AfmBOor421uZQQEZdlddV-YZmMJYjOfJWXRwG6Fe-iYrutZMcFpwzAE_","https://www.ctens.com/image/cache/catalog/Laptops/HP%20ProBook%20440%20G10%20Notebook%20PC/HP%20ProBook%20440%20G10%20Notebook%20PC%20%281%29-600x800.jpg","products/hp/probook-440-g10/main.jpg","HP ProBook 440 G10 laptop shown open","main","0","verified-model-retailer","Exact model matched through a retailer listing; confirm image-use permission before production."
"probook-440-g11","HP","ProBook 440 G11","https://www.binarylogic.com.bd/laptop-hp-14-probook-440-g11-core-ultra-7","https://www.binarylogic.com.bd/images/product_image/large-HP-14-ProBook-440-G11-Notebook-01.webp","products/hp/probook-440-g11/main.webp","HP ProBook 440 G11 laptop shown open","main","0","verified-model-retailer","Exact model matched through a retailer listing; confirm image-use permission before production."
"probook-460-g11","HP","ProBook 460 G11","https://www.rayashop.com/en/hp-probook-460-g11-laptop-intel-core-ultra-7-155h-processor-16-inch-wuxga-display-512-gb-ssd-16-gb-ram-ddr5-nvidia-geforce-rtx-2050-graphics-4-gb-graphics-dos-pike-silver-a23byea-probook-460-g11-silver-elaptop","https://api-rayashop.freetls.fastly.net/media/catalog/product/cache/4e49ac3a70c0b98a165f3fa6633ffee1/3/c/3c681ecffafa_jnocr2ewntmr7wtk.jpg","products/hp/probook-460-g11/main.webp","HP ProBook 460 G11 laptop shown open","main","0","verified-model-retailer","Exact model matched through a retailer listing; confirm image-use permission before production."
"probook-465-g11","HP","ProBook 465 G11","https://www.kaina24.lt/p/hp-probook-465-g11/","https://images.kaina24.lt/9/63/hp-probook-465-g11.jpg","products/hp/probook-465-g11/main.jpg","HP ProBook 465 G11 laptop shown open","main","0","verified-model-retailer","Exact model matched through a retailer listing; confirm image-use permission before production."
"probook-4-g1i-16","HP","ProBook 4 G1i 16","https://gds.jo/hp-probook-4-g1i-ultra-7-16gb-512gb-ssd-16-inch-fhd-laptop-jordan","https://gds.jo/image/cache/catalog/HP-Laptop/ProBook/HP-ProBook-4-G1i-16/HP-ProBook-4-G1i-16-2-1200x1200.jpg","products/hp/probook-4-g1i-16/main.jpg","HP ProBook 4 G1i 16 laptop shown open","main","0","verified-model-retailer","Exact model matched through a retailer listing; confirm image-use permission before production."
"elitebook-660-g11","HP","EliteBook 660 G11","","https://aorus.az/image/cache/catalog/Notbuklar/HP%20Real/HP%20Elitebook%20660%20G11%209Y7D5ET%20%281%29-1000x1000.jpg","products/hp/elitebook-660-g11/main.jpg","HP EliteBook 660 G11 laptop shown open","main","0","verified-model-retailer","Exact model matched through a retailer listing; confirm image-use permission before production."
"elitebook-860-g11","HP","EliteBook 860 G11","https://www.kurumsalit.com/urun/hp-elitebook-860-g11-8n367av-u7-155u-16gb-512gb-w11p-16","https://kobidestek.kurumsalit.com/panel/uploads/products_description_v/1080x1080/hp-elitebook-860-g11-notebook-2.jpg","products/hp/elitebook-860-g11/main.jpg","HP EliteBook 860 G11 laptop shown open","main","0","verified-model-retailer","Exact model matched through a retailer listing; confirm image-use permission before production."
"elitebook-1040-g10","HP","EliteBook 1040 G10","https://www.bechtle.com/de-en/shop/hp-elitebook-1040-g10-i7-16-512gb--4732820--p","https://media.bechtle.com/is/180712/1c4b3d4ee288fc9434f5175bf56070570/c3/-/65313e81ad034243a50974cf499bf19d?quality=75&version=0&x=3840","products/hp/elitebook-1040-g10/main.jpg","HP EliteBook 1040 G10 laptop shown open","main","0","verified-model-retailer","Exact model matched through a retailer listing; confirm image-use permission before production."
"omnibook-5-flip-14-fp0023dx","HP","OmniBook 5 Flip 14-fp0023dx","","https://resource.megaeletronicos.com/uploads/Product/new/1/5/2/4/1/1/152411/68d3f7173d2fc.webp","products/hp/omnibook-5-flip-14-fp0023dx/main.webp","HP OmniBook 5 Flip 14-fp0023dx laptop shown open","main","0","verified-model-retailer","Exact model matched through a retailer listing; confirm image-use permission before production."
"omnibook-x-flip-16-as0023dx","HP","OmniBook X Flip 16-as0023dx","","https://static3.webx.pk/files/4012/Images/44-4012-2424270-130825075433903.webp","products/hp/omnibook-x-flip-16-as0023dx/main.webp","HP OmniBook X Flip 16-as0023dx laptop shown open","main","0","verified-model-retailer","Exact model matched through a retailer listing; confirm image-use permission before production."
"omnibook-x-flip-16-as0043dx","HP","OmniBook X Flip 16-as0043dx","","https://jakcomputer.com/cdn/shop/files/16-AS0043DX-2.webp?v=1760713085&width=1445","products/hp/omnibook-x-flip-16-as0043dx/main.webp","HP OmniBook X Flip 16-as0043dx laptop shown open","main","0","verified-model-retailer","Exact model matched through a retailer listing; confirm image-use permission before production."
"omnibook-x-flip-14-fm0023dx","HP","OmniBook X Flip 14-Fm0023dx","https://www.macrotronics.net/products/hp-omnibook-x-flip-14-fm0023dx-core-ultra-7-atmospheric-blue-1-year-warranty","https://www.macrotronics.net/cdn/shop/files/hp-omnibook-14-inch-ultra7-macrotronics-lebanon.jpg?v=1753184132","products/hp/omnibook-x-flip-14-fm0023dx/main.webp","HP OmniBook X Flip 14-Fm0023dx laptop shown open","main","0","verified-model-retailer","Exact model matched through a retailer listing; confirm image-use permission before production."
"envy-14-es1023dx","HP","Envy 14-es1023dx","https://exceldisc.com/product/hp-envy-14-es1023dx-2024-laptop-series-1-7-150u-16gb-512gb-ssd-14-fhd-touch-x360-natural-silver?srsltid=AfmBOoqSLOksW5Ug4k6VTV4vU0T-w2g9v_OlX10VjV9cTGufyACdpxzi","https://apiv2.exceldisc.com/media/43843/hp-envy-14-es1023dx-2024-laptop-series-1-7-150u.jpg","products/hp/envy-14-es1023dx/main.jpg","HP Envy 14-es1023dx laptop shown open","main","0","verified-model-retailer","Exact model matched through a retailer listing; confirm image-use permission before production."
"zbook-firefly-14-g11","HP","ZBook Firefly 14 G11","https://www.ultrabook.cz/kategorie/hp-zbook/","https://www.hpmarket.cz/library/configuration/product/HP-ZBook-Firefly-14-G11A_0b.jpg","products/hp/zbook-firefly-14-g11/main.jpg","HP ZBook Firefly 14 G11 laptop shown open","main","0","verified-model-retailer","Exact model matched through a retailer listing; confirm image-use permission before production."
"zbook-firefly-16-g11","HP","ZBook Firefly 16 G11","https://server2u.com/shop/a7kw8pt-hp-zbook-firefly-16-g11-mobile-workstation-ultra5-125h-16gb-512gb-58742","https://server2u.com/web/image/product.template/58742/image_1024?unique=d06ae8c","products/hp/zbook-firefly-16-g11/main.png","HP ZBook Firefly 16 G11 laptop shown open","main","0","verified-model-retailer","Exact model matched through a retailer listing; confirm image-use permission before production."
"zbook-fury-16-g11","HP","ZBook Fury 16 G11","","https://assets.mmsrg.com/isr/166325/c1/-/ASSET_MP_142743759?align=center&cdx=536&cdy=402&cox=0&coy=0&ex=536&ey=402&format=jpg&quality=80&resizesource=&sp=yes&strip=yes&trim=&unsharp=1.5x1+0.7+0.02&x=536&y=402","products/hp/zbook-fury-16-g11/main.jpg","HP ZBook Fury 16 G11 laptop shown open","main","0","verified-model-retailer","Exact model matched through a retailer listing; confirm image-use permission before production."
"vostro-3520","Dell","Vostro 3520","https://www.senetic.co.uk/product/N2061PVNB3520EMEA01","https://gfx3.senetic.com/akeneo-catalog/e/4/6/b/e46b8c6cdca0883491947ed9500f95bd5fc05021_1697217_N2061PVNB3520EMEA01_image1.jpg","products/dell/vostro-3520/main.webp","Dell Vostro 3520 laptop shown open","main","0","verified-model-retailer","Exact model matched through a retailer listing; confirm image-use permission before production."
"dc15250","Dell","DC15250","https://televentagt.siman.com/laptop-dell-dc15250-0y8rm-intel-core-i7-1355u-16gb-ram-512gb-ssd-windows-11-home15-6---39-62-cm--/p","https://siman.vtexassets.com/arquivos/ids/7314592/105056917-1.jpg?v=638944945905970000","products/dell/dc15250/main.webp","Dell DC15250 laptop shown open","main","0","verified-model-retailer","Exact model matched through a retailer listing; confirm image-use permission before production."
"pro-15-essential-pv15250","Dell","Pro 15 Essential PV15250","","https://cdn.qukasoft.com/f/971070/cG96WmFtNG0vcUp3SzJGdEg4MXZKZWxESUE9PQ/p/6986f248ae2b3-5804671-sw1000sh1000.webp","products/dell/pro-15-essential-pv15250/main.webp","Dell Pro 15 Essential PV15250 laptop shown open","main","0","verified-model-retailer","Exact model matched through a retailer listing; confirm image-use permission before production."
"latitude-3450","Dell","Latitude 3450","https://www.laptopsdirect.co.uk/dell-latitude-3450-13th-gen-intel-core-i5-1335u-12-mb-cache-10-cores-12-thr-tngpx/version.asp","https://www.laptopsdirect.co.uk/Images/TNGPX_4_Supersize.jpg?v=3","products/dell/latitude-3450/main.jpg","Dell Latitude 3450 laptop shown open","main","0","verified-model-retailer","Exact model matched through a retailer listing; confirm image-use permission before production."
"latitude-3550","Dell","Latitude 3550","https://www.staples.com/dell-latitude-3550-15-6-laptop-core-i5-1335u-8-gb-memory-256-gb-ssd-windows-11-pro-8ygp3/product_24601687","https://www.staples-3p.com/s7/is/image/Staples/FCD6B9F2-130F-43A4-B0938BA5BDAB53FF_sc7?hei=700&wid=700","products/dell/latitude-3550/main.jpg","Dell Latitude 3550 laptop shown open","main","0","verified-model-retailer","Exact model matched through a retailer listing; confirm image-use permission before production."
"inspiron-14-7440-plus","Dell","Inspiron 14 7440 Plus","","https://bcdn.vendora.gr/0/01/1e/011e4f18b43be1e13e415a5e3b12b4d906c690ae.jpg?class=xl","products/dell/inspiron-14-7440-plus/main.webp","Dell Inspiron 14 7440 Plus laptop shown open","main","0","verified-model-retailer","Exact model matched through a retailer listing; confirm image-use permission before production."
"14-plus-2-in-1-db04250","Dell","14 Plus 2-in-1 DB04250","https://www.dellonline.co.za/products/dell-14-plus-14-inch-core-ultra-5-226v-16gb-ram-512gb-ssd-win-11-pro-ai-2-in-1-laptop-334922","https://www.dellonline.co.za/cdn/shop/files/f8770785-db67-4333-b2c7-0f1de9ae0e81-3.jpg?v=1752503646","products/dell/14-plus-2-in-1-db04250/main.webp","Dell 14 Plus 2-in-1 DB04250 laptop shown open","main","0","verified-model-retailer","Exact model matched through a retailer listing; confirm image-use permission before production."
"precision-3591","Dell","Precision 3591","https://www.panacompu.com/peru/en/product-information/dell-precision-3591-laptop-156-intel-core-ultra-7-155h-48ghz-16gb-ram-512-ssd-nvidia-rtx-500-grey-backlit-english-keyboard-windows-11-pro","https://cdn.panacompu.com/cdn-img/pv/dell-precision-3591-92135101-front-view.jpg?fixedwidthheight=true&height=400&width=400","products/dell/precision-3591/main.jpg","Dell Precision 3591 laptop shown open","main","0","verified-model-retailer","Exact model matched through a retailer listing; confirm image-use permission before production."
"alienware-16x-aurora-ac16251","Dell","Alienware 16X Aurora AC16251","","https://image.ceneostatic.pl/data/products/185671662/50149f44-e412-4899-86bc-fd4db380c7ff_i-laptop-dell-alienware-16x-aurora-ac16251-16-ultra9-32gb-1tb-win11-ac16251-arlhx-013.jpg","products/dell/alienware-16x-aurora-ac16251/main.webp","Dell Alienware 16X Aurora AC16251 laptop shown open","main","0","verified-model-retailer","Exact model matched through a retailer listing; confirm image-use permission before production."
"connex-horizon-x","Connex","Horizon X","https://www.takealot.com/horizon-x-connex-14-celeron-n4020-laptop/PLID99667141","https://media.takealot.com/covers_images/ba7d565047ce4c4c913fd9da9c87c69e/s-zoom.file","products/connex/connex-horizon-x/main.webp","Connex Horizon X laptop shown open","main","0","verified-model-retailer","Exact model matched through a retailer listing; confirm image-use permission before production."
"asus-x1404","ASUS","X1404","","https://c1.neweggimages.com/productimage/nb640/AA0SD2508190UEZDAC8.jpg","products/asus/asus-x1404/main.webp","ASUS X1404 laptop shown open","main","0","verified-model-retailer","Exact model matched through a retailer listing; confirm image-use permission before production."
"msi-14-f13mxg","MSI","14-F13MXG","","https://microless.com/cdn/products/c818e5e4b84c66ad6417d2f00baafb2f-hi.jpg","products/msi/msi-14-f13mxg/main.jpg","MSI 14-F13MXG laptop shown open","main","0","verified-model-retailer","Exact model matched through a retailer listing; confirm image-use permission before production."
"msi-14-f1mxg","MSI","14-F1MXG","","https://mcprod.jumbo.ae/media/catalog/product/6/1/617tv8l_cyl._ac_sl1240_.jpg","products/msi/msi-14-f1mxg/main.webp","MSI 14-F1MXG laptop shown open","main","0","verified-model-retailer","Exact model matched through a retailer listing; confirm image-use permission before production."
"290-g4-mt","HP","290 G4 MT","","","products/hp/290-g4-mt/main.png","HP 290 G4 MT product image","main","0","needs-review","Manufacturer family identified, but an exact part number/chassis match is still required."
"290-g9-pro-tower","HP","290 G9 Pro Tower","","","products/hp/290-g9-pro-tower/main.png","HP 290 G9 Pro Tower product image","main","0","needs-review","Manufacturer family identified, but an exact part number/chassis match is still required."
"290-g9","HP","290 G9","","","products/hp/290-g9/main.png","HP 290 G9 product image","main","0","needs-review","Manufacturer family identified, but an exact part number/chassis match is still required."
"prodesk-400-g9-sff","HP","ProDesk 400 G9 SFF","","","products/hp/prodesk-400-g9-sff/main.png","HP ProDesk 400 G9 SFF product image","main","0","needs-review","Manufacturer family identified, but an exact part number/chassis match is still required."
"prodesk-4-sff-g1","HP","ProDesk 4 SFF G1","","","products/hp/prodesk-4-sff-g1/main.png","HP ProDesk 4 SFF G1 product image","main","0","needs-review","Manufacturer family identified, but an exact part number/chassis match is still required."
"prodesk-4-twr-g1i","HP","ProDesk 4 TWR G1i","","","products/hp/prodesk-4-twr-g1i/main.png","HP ProDesk 4 TWR G1i product image","main","0","needs-review","Manufacturer family identified, but an exact part number/chassis match is still required."
"hp-200-g4","HP","HP 200 G4","","","products/hp/hp-200-g4/main.png","HP 200 G4 product image","main","0","needs-review","Manufacturer family identified, but an exact part number/chassis match is still required."
"hp-27cr0028","HP","HP 27CR0028","","","products/hp/hp-27cr0028/main.png","HP 27CR0028 product image","main","0","needs-review","Manufacturer family identified, but an exact part number/chassis match is still required."
"hp-cr0342nh","HP","HP CR0342Nh","","","products/hp/hp-cr0342nh/main.png","HP CR0342Nh product image","main","0","needs-review","Manufacturer family identified, but an exact part number/chassis match is still required."
"targus-tbb565gl-74","Targus","Targus Intellect","https://uk.targus.com/products/intellect-15_6-laptop-backpack-blackgrey-tbb565gl","https://uk.targus.com/cdn/shop/products/targus-laptop-bags-targus-intellect-15-6-laptop-backpack-black-grey-tbb565gl-3675916697667.jpg?v=1640017349","products/targus/targus-tbb565gl-74/main.png","Targus Intellect product image","main","0","verified-model","Exact manufacturer model page reviewed; confirm retailer image-use permission before production."
"targus-cn600gl-70","Targus","Targus Classic EcoSmart","https://uk.targus.com/products/15-16-classic-ecosmart-backpack-black-cn600gl","https://uk.targus.com/cdn/shop/files/CN600_MAIN_W_SECURITY.jpg?v=1762423393","products/targus/targus-cn600gl-70/main.png","Targus Classic EcoSmart product image","main","0","verified-model","Exact manufacturer model page reviewed; confirm retailer image-use permission before production."
"targus-tbb943gl","Targus","Targus Modern Classic","https://us.targus.com/products/15-16-inch-classic-backpack-tbb943gl","https://us.targus.com/cdn/shop/products/TBB943GL_MAIN1.jpg?v=1680727061","products/targus/targus-tbb943gl/main.png","Targus Modern Classic product image","main","0","verified-model","Exact manufacturer model page reviewed; confirm retailer image-use permission before production."
"targus-tbb013eu-74-eco-spruce","Targus","Targus EcoSpruce","https://es.targus.com/products/ecospruce-15_6-inch-backpack-black-tbb013eu","https://eu.targus.com/cdn/shop/products/0018561_ecospruce-156-backpack-black.jpg?v=1634320301","products/targus/targus-tbb013eu-74-eco-spruce/main.png","Targus EcoSpruce product image","main","0","verified-model","Exact manufacturer model page reviewed; confirm retailer image-use permission before production."
